login,n,name,blog
3zhang,NA,NA,
ahoffrichter,1,Anne,
arashHaratian,NA,Arash,
BetweenTwoTests,1,Leon Kim,
caijun,NA,Jun Cai,blog.tonytsai.name
Charles926,NA,NA,
chsafouane,4,Safouane Chergui,chsafouane.github.io
CorradoLanera,1,Corrado Lanera,https://CorradoLanera.it
davidblitz,1,NA,
dongzhuoer,7,Zhuoer Dong,https://dongzhuoer.github.io
Elucidase,NA,NA,
fabian-s,1,Fabian Scheipl,
hadley,26,Hadley Wickham,http://hadley.nz
henningsway,454,Henning,https://henningsway.rbind.io
its-gazza,1,NA,
jorgearanda,1,Jorge Aranda,http://cuevano.ca/
lotgon,NA,NA,
MajoroMask,1,NA,
MayaGans,1,Maya Gans,maya.rbind.io
osorensen,1,Øystein Sørensen,https://osorensen.rbind.io
peterhurford,31,Peter Hurford,http://www.peterhurford.com
philyoun,1,NA,
pieterjanvc,NA,PJ,https://www.linkedin.com/in/pjvancamp/
robertzk,1,Robert Krzyzanowski,http://robertzk.com
robinsones,NA,Emily Robinson,hookedondata.org
Tazinho,1597,Malte Grosser,malte-grosser.com
tmstauss,2,Tanner Stauss,www.linkedin.com/in/tanner-stauss
toebR,1,Tobias Stalder,https://tobias-stalder.netlify.app
trannhatanh89,4,Anh N Tran,
yihui,2,Yihui Xie,https://yihui.org
